-- phpMyAdmin SQL Dump
-- version 3.5.1
-- http://www.phpmyadmin.net
--
-- Servidor: localhost
-- Tiempo de generación: 30-01-2019 a las 07:31:47
-- Versión del servidor: 5.5.24-log
-- Versión de PHP: 5.4.3

SET SQL_MODE="NO_AUTO_VALUE_ON_ZERO";
SET time_zone = "+00:00";


/*!40101 SET @OLD_CHARACTER_SET_CLIENT=@@CHARACTER_SET_CLIENT */;
/*!40101 SET @OLD_CHARACTER_SET_RESULTS=@@CHARACTER_SET_RESULTS */;
/*!40101 SET @OLD_COLLATION_CONNECTION=@@COLLATION_CONNECTION */;
/*!40101 SET NAMES utf8 */;

--
-- Base de datos: `game`
--

-- --------------------------------------------------------

--
-- Estructura de tabla para la tabla `mensajes`
--

CREATE TABLE IF NOT EXISTS `mensajes` (
  `id` int(11) NOT NULL AUTO_INCREMENT,
  `mensaje` varchar(255) NOT NULL,
  `usuario` varchar(255) NOT NULL,
  `fecha` varchar(255) NOT NULL,
  PRIMARY KEY (`id`)
) ENGINE=InnoDB  DEFAULT CHARSET=latin1 AUTO_INCREMENT=12 ;

--
-- Volcado de datos para la tabla `mensajes`
--

INSERT INTO `mensajes` (`id`, `mensaje`, `usuario`, `fecha`) VALUES
(11, 'hola jose', 'Tsubasa', '2019-01-18 08:33:24');

-- --------------------------------------------------------

--
-- Estructura de tabla para la tabla `pedidos`
--

CREATE TABLE IF NOT EXISTS `pedidos` (
  `Numero_pedido` int(10) NOT NULL AUTO_INCREMENT,
  `Fecha_pedido` date DEFAULT NULL,
  `Nombre_usuario` varchar(20) CHARACTER SET utf8 COLLATE utf8_spanish_ci DEFAULT NULL,
  `Importe_total` float DEFAULT NULL,
  PRIMARY KEY (`Numero_pedido`)
) ENGINE=InnoDB  DEFAULT CHARSET=latin1 AUTO_INCREMENT=26 ;

--
-- Volcado de datos para la tabla `pedidos`
--

INSERT INTO `pedidos` (`Numero_pedido`, `Fecha_pedido`, `Nombre_usuario`, `Importe_total`) VALUES
(8, '2019-01-20', 'Tsubasa', 44.9),
(9, '2019-01-20', 'Tsubasa', 39.9),
(10, '2019-01-20', 'Tsubasa', 39.9),
(11, '2019-01-20', '', 0),
(12, '2019-01-20', 'Tsubasa', 39.9),
(13, '2019-01-20', 'Tsubasa', 39.9),
(14, '2019-01-20', 'Tsubasa', 39.9),
(15, '2019-01-20', 'Tsubasa', 39.9),
(16, '2019-01-20', 'Tsubasa', 39.9),
(17, '2019-01-20', 'Tsubasa', 39.9),
(18, '2019-01-20', 'Tsubasa', 39.9),
(19, '2019-01-20', 'Tsubasa', 39.9),
(20, '2019-01-20', 'Tsubasa', 8.98),
(21, '2019-01-20', 'Tsubasa', 7.98),
(22, '2019-01-20', 'Tsubasa', 4.99),
(23, '2019-01-20', 'Tsubasa', 8.98),
(24, '2019-01-21', 'Tsubasa', 9.99),
(25, '2019-01-21', 'Tsubasa', 4.99);

-- --------------------------------------------------------

--
-- Estructura de tabla para la tabla `pedido_videojuegos`
--

CREATE TABLE IF NOT EXISTS `pedido_videojuegos` (
  `id` int(11) NOT NULL AUTO_INCREMENT,
  `id_pedido` int(11) NOT NULL,
  `id_videojuego` int(11) NOT NULL,
  `cantidad` int(11) NOT NULL,
  PRIMARY KEY (`id`)
) ENGINE=InnoDB  DEFAULT CHARSET=latin1 AUTO_INCREMENT=34 ;

--
-- Volcado de datos para la tabla `pedido_videojuegos`
--

INSERT INTO `pedido_videojuegos` (`id`, `id_pedido`, `id_videojuego`, `cantidad`) VALUES
(3, 8, 1, 1),
(4, 8, 2, 5),
(5, 9, 1, 2),
(6, 9, 2, 5),
(7, 10, 1, 4),
(8, 10, 2, 5),
(9, 12, 1, 4),
(10, 12, 2, 5),
(11, 13, 1, 4),
(12, 13, 2, 5),
(13, 14, 1, 4),
(14, 14, 2, 5),
(15, 15, 1, 4),
(16, 15, 2, 5),
(17, 16, 1, 4),
(18, 16, 2, 5),
(19, 17, 1, 4),
(20, 17, 2, 5),
(21, 18, 1, 4),
(22, 18, 2, 5),
(23, 19, 1, 4),
(24, 19, 2, 5),
(25, 20, 1, 1),
(26, 20, 2, 1),
(27, 21, 1, 2),
(28, 21, 2, 1),
(29, 22, 1, 1),
(30, 23, 1, 1),
(31, 23, 2, 1),
(32, 24, 3, 1),
(33, 25, 1, 1);

-- --------------------------------------------------------

--
-- Estructura de tabla para la tabla `usuarios`
--

CREATE TABLE IF NOT EXISTS `usuarios` (
  `id` int(11) NOT NULL AUTO_INCREMENT,
  `Nombre_usuario` varchar(20) CHARACTER SET utf8 COLLATE utf8_spanish_ci DEFAULT NULL,
  `Contrasena` varchar(10) CHARACTER SET utf8 COLLATE utf8_spanish_ci DEFAULT NULL,
  `Nombre` varchar(20) CHARACTER SET utf8 COLLATE utf8_spanish_ci DEFAULT NULL,
  `Apellido1` varchar(20) CHARACTER SET utf8 COLLATE utf8_spanish_ci DEFAULT NULL,
  `Apellido2` varchar(20) CHARACTER SET utf8 COLLATE utf8_spanish_ci DEFAULT NULL,
  `Direccion` varchar(30) CHARACTER SET utf8 COLLATE utf8_spanish_ci DEFAULT NULL,
  `Fecha_Nacimiento` date DEFAULT NULL,
  `E_mail` varchar(30) CHARACTER SET utf8 COLLATE utf8_spanish_ci NOT NULL,
  `Num_tarjeta` bigint(16) DEFAULT NULL,
  PRIMARY KEY (`id`)
) ENGINE=InnoDB  DEFAULT CHARSET=latin1 AUTO_INCREMENT=9 ;

--
-- Volcado de datos para la tabla `usuarios`
--

INSERT INTO `usuarios` (`id`, `Nombre_usuario`, `Contrasena`, `Nombre`, `Apellido1`, `Apellido2`, `Direccion`, `Fecha_Nacimiento`, `E_mail`, `Num_tarjeta`) VALUES
(1, 'Admin', 'Admin', 'Admin', NULL, NULL, NULL, '1992-04-05', 'gceinmark@gmail.com', NULL),
(2, 'Tsubasa', 'a1a2a3', 'Carlos', 'Castilla', NULL, 'Zamakola 66', '1982-09-03', 'karlos_castilla_kc@hotmail.com', 2147483647),
(3, 'Cristianftn', 'b1b2b3', 'Cristian', 'Mañoso', NULL, 'Garaizar 6', '1988-06-04', 'cristianftn@gmail.com', 1212232334344545),
(4, 'aaaa', '123456789', NULL, NULL, NULL, NULL, '1554-01-01', 'aaaa@gmail.com', NULL),
(5, 'aaaa', '1234567890', NULL, NULL, NULL, NULL, '2015-01-01', 'aaaa@gmail.com', NULL),
(6, 'bbbb', '123456', NULL, NULL, NULL, NULL, '2011-01-01', 'bbbb@gmail.com', NULL),
(7, 'cccc', '123456', NULL, NULL, NULL, NULL, '2013-05-04', 'cccc@gmail.com', NULL),
(8, 'dddd', '12345687', NULL, NULL, NULL, NULL, '2010-05-04', 'dddd@gmail.com', NULL);

-- --------------------------------------------------------

--
-- Estructura de tabla para la tabla `videojuegos`
--

CREATE TABLE IF NOT EXISTS `videojuegos` (
  `Id_videojuego` int(11) NOT NULL AUTO_INCREMENT,
  `Nombre` varchar(20) COLLATE utf8_spanish_ci DEFAULT NULL,
  `Genero` varchar(20) COLLATE utf8_spanish_ci DEFAULT NULL,
  `Precio` float DEFAULT NULL,
  `Idioma` varchar(20) COLLATE utf8_spanish_ci DEFAULT NULL,
  `Duracion` varchar(20) COLLATE utf8_spanish_ci DEFAULT NULL,
  `Num_jugadores` varchar(16) COLLATE utf8_spanish_ci DEFAULT NULL,
  PRIMARY KEY (`Id_videojuego`)
) ENGINE=InnoDB  DEFAULT CHARSET=utf8 COLLATE=utf8_spanish_ci AUTO_INCREMENT=21 ;

--
-- Volcado de datos para la tabla `videojuegos`
--

INSERT INTO `videojuegos` (`Id_videojuego`, `Nombre`, `Genero`, `Precio`, `Idioma`, `Duracion`, `Num_jugadores`) VALUES
(1, 'Cuphead', 'Plataformas', 4.99, 'Español', '10 horas', '1'),
(2, 'Stardew Valley', 'RPG', 3.99, 'Español', 'Incalculable', '1'),
(3, 'Braid', 'Puzzle', 9.99, 'Español', '15 horas', '1'),
(4, 'Fez', 'Plataformas', 4.5, 'Español', '12 horas', '1'),
(5, 'Limbo', 'Plataformas', 2.99, 'Español', '5 horas', '1'),
(6, 'Plantas vs Zombies 2', 'Estrategia', 7.99, 'Español', '35 horas', '1'),
(7, 'Dead cells', 'Accion/Aventura', 6.99, 'Español', '20 horas', '1'),
(8, 'Machinarium', 'Aventura', 14.99, 'Español', '35 horas', '1'),
(9, 'Terraria', 'Aventura', 6.99, 'Español', '10 horas', '1'),
(10, 'Celeste', 'Plataformas', 19.99, 'Español', '12 horas', '1'),
(11, 'Shovel knight', 'Accion/Aventura', 14.99, 'Español', '7 horas', '1'),
(12, 'Gang beast', 'Beat´em up', 19.99, 'Español', 'Incalculable', '1-4'),
(13, 'Youtubers life', 'Simulacion', 24.99, 'Español', '20 horas', '1'),
(14, 'Undertale', 'RPG', 9.99, 'Ingles', '15 horas', '1'),
(15, 'Ori', 'Plataformas/Aventura', 19.99, 'Español', '20 horas', '1'),
(16, 'Afterparty', 'Aventura', 9.99, 'Ingles', '20 horas', '1'),
(17, 'Indivisible', 'RPG', 19.99, 'Español', '30 horas', '1'),
(18, 'Child of light', 'Plataformas', 14.99, 'Español', '10 horas', '1'),
(19, 'Rime', 'Puzzle', 34.99, 'Español', '12 horas', '1'),
(20, 'Hollow Knight', 'Accion/Aventura', 14.99, 'Español', '35 horas', '1');

-- --------------------------------------------------------

--
-- Estructura de tabla para la tabla `videojuego_atributos`
--

CREATE TABLE IF NOT EXISTS `videojuego_atributos` (
  `Id` int(11) NOT NULL AUTO_INCREMENT,
  `id_videojuego` int(11) NOT NULL,
  `Tipo_atributo` varchar(255) DEFAULT NULL,
  `Valor_atributo` varchar(255) DEFAULT NULL,
  `Icono` varchar(255) DEFAULT NULL,
  PRIMARY KEY (`Id`)
) ENGINE=InnoDB  DEFAULT CHARSET=latin1 AUTO_INCREMENT=65 ;

--
-- Volcado de datos para la tabla `videojuego_atributos`
--

INSERT INTO `videojuego_atributos` (`Id`, `id_videojuego`, `Tipo_atributo`, `Valor_atributo`, `Icono`) VALUES
(2, 1, 'Duración', '8-10 horas', 'far fa-clock'),
(3, 1, 'Jugadores', '1', 'fas fa-gamepad'),
(4, 1, 'Idioma', 'Textos en Castellano', 'fas fa-globe-europe'),
(5, 1, 'Soporta', 'Multijugador local', 'fas fa-cogs'),
(6, 2, 'Duración', 'Incalculable', 'far fa-clock'),
(7, 2, 'Idioma', 'Textos en Castellano', 'fas fa-globe-europe'),
(8, 2, 'Jugadores', '1', 'fas fa-gamepad'),
(9, 3, 'Duración', '10-15 horas', 'far fa-clock'),
(10, 3, 'Jugadores', '1', 'fas fa-gamepad'),
(11, 3, 'Idioma', 'Textos en Castellano', 'fas fa-globe-europe'),
(12, 4, 'Duración', '7-12 horas', 'far fa-clock'),
(13, 4, 'Jugadores', '1', 'fas fa-gamepad'),
(14, 4, 'Idioma', 'Textos en Castellano', 'fas fa-globe-europe'),
(15, 5, 'Duración', '4-5 horas', 'far fa-clock'),
(16, 5, 'Jugadores', '1', 'fas fa-gamepad'),
(17, 5, 'Idioma', 'Textos en Castellano', 'fas fa-globe-europe'),
(18, 6, 'Duración', '35 horas', 'far fa-clock'),
(19, 6, 'Jugadores', '1', 'fas fa-gamepad'),
(20, 6, 'Idioma', 'Textos en Castellano', 'fas fa-globe-europe'),
(21, 7, 'Duración', '12-15 horas (mínimo)', 'far fa-clock'),
(22, 7, 'Jugadores', '1', 'fas fa-gamepad'),
(23, 7, 'Idioma', 'Textos en español y voces en inglés', 'fas fa-globe-europe'),
(24, 8, 'Duracion', ' 35 horas', 'far fa-clock'),
(25, 8, 'Jugadores', '1', 'fas fa-gamepad'),
(26, 8, 'Idioma', 'Manual y textos en español', 'fas fa-globe-europe'),
(27, 9, 'Duración', '8-10 horas', 'far fa-clock'),
(28, 9, 'Jugadores', '1', 'fas fa-gamepad'),
(29, 9, 'Idioma', 'Textos en Castellano', 'fas fa-globe-europe'),
(30, 9, 'Soporta', 'Multijugador local', 'fas fa-cogs'),
(31, 10, 'Duración', '6-12 horas', 'far fa-clock'),
(32, 10, 'Jugadores', '1', 'fas fa-gamepad'),
(33, 10, 'Idioma', 'Textos en Castellano', 'fas fa-globe-europe'),
(34, 11, 'Duración', '5-7 horas', 'far fa-clock'),
(35, 11, 'Jugadores', '1', 'fas fa-gamepad'),
(36, 11, 'Idioma', 'Textos en español', 'fas fa-globe-europe'),
(37, 12, 'Duración', 'Ilimitado', 'far fa-clock'),
(38, 12, 'Jugadores', '1-4', 'fas fa-gamepad'),
(39, 12, 'Idioma', 'Textos en español', 'fas fa-globe-europe'),
(40, 13, 'Duración', '15-20 horas', 'far fa-clock'),
(41, 13, 'Jugadores', '1', 'fas fa-gamepad'),
(42, 13, 'Idioma', 'Textos en Castellano', 'fas fa-globe-europe'),
(43, 14, 'Duración', '15 horas (mínimo)', 'far fa-clock'),
(44, 14, 'Jugadores', '1', 'fas fa-gamepad'),
(45, 14, 'Idioma', 'Textos en inglés', 'fas fa-globe-europe'),
(48, 20, 'Duración', '30-40 horas', 'far fa-clock'),
(49, 20, 'Jugadores', '1', 'fas fa-gamepad'),
(50, 20, 'Idioma', 'Textos en español', 'fas fa-globe-europe'),
(51, 15, 'Duracion', '6-10 horas', 'far fa-clock'),
(52, 15, 'Jugadores', '1', 'fas fa-gamepad'),
(53, 15, 'Idioma', ' Textos en español', 'fas fa-globe-europe'),
(54, 16, 'Duración', '6-15 horas', 'far fa-clock'),
(55, 16, 'Idioma', 'Textos en Castellano', 'fas fa-globe-europe'),
(56, 16, 'Jugadores', '1', 'fas fa-gamepad'),
(57, 17, 'Duración', '8-12 horas', 'far fa-clock'),
(58, 17, 'Idioma', 'Castellano', 'fas fa-globe-europe'),
(59, 18, 'Duración', '30-40 horas', 'far fa-clock'),
(60, 18, 'Jugadores', '1-2', 'fas fa-gamepad'),
(61, 18, 'Soporta', 'Multijugador local', 'fas fa-cogs'),
(62, 19, 'Duración', '6-10 horas', 'far fa-clock'),
(63, 19, 'Idioma', 'Castellano', 'fas fa-globe-europe'),
(64, 19, 'Jugadores', '1', 'fas fa-gamepad');

-- --------------------------------------------------------

--
-- Estructura de tabla para la tabla `videojuego_caracteristicas`
--

CREATE TABLE IF NOT EXISTS `videojuego_caracteristicas` (
  `id` int(11) NOT NULL AUTO_INCREMENT,
  `Titulo` varchar(255) CHARACTER SET utf8 COLLATE utf8_spanish_ci DEFAULT NULL,
  `id_videojuego` int(11) NOT NULL,
  `Parrafo_1` text CHARACTER SET utf8mb4 COLLATE utf8mb4_bin,
  `Parrafo_2` text,
  `Parrafo_3` text,
  `Parrafo_4` text,
  `Parrafo_index` text,
  `Parrafo_5` text,
  `Imagen_1` varchar(255) DEFAULT NULL,
  `Imagen_2` varchar(255) DEFAULT NULL,
  `Imagen_3` varchar(255) DEFAULT NULL,
  `Imagen_4` varchar(255) DEFAULT NULL,
  `Imagen_index` varchar(255) DEFAULT NULL,
  `Nota` varchar(255) DEFAULT NULL,
  `Calificacion` varchar(255) DEFAULT NULL,
  `Url_video` varchar(255) DEFAULT NULL,
  PRIMARY KEY (`id`)
) ENGINE=InnoDB  DEFAULT CHARSET=latin1 AUTO_INCREMENT=23 ;

--
-- Volcado de datos para la tabla `videojuego_caracteristicas`
--

INSERT INTO `videojuego_caracteristicas` (`id`, `Titulo`, `id_videojuego`, `Parrafo_1`, `Parrafo_2`, `Parrafo_3`, `Parrafo_4`, `Parrafo_index`, `Parrafo_5`, `Imagen_1`, `Imagen_2`, `Imagen_3`, `Imagen_4`, `Imagen_index`, `Nota`, `Calificacion`, `Url_video`) VALUES
(1, 'EXPLOSION DE BELLEZA Y DIFICULTAD', 1, 'A menudo se dice que los indies deben arriesgar para abrirse hueco entre tanta superproducción. Pues bien, se me ocurren pocos videojuegos que hayan asumido tantos desafíos estéticos y jugables como el que nos ocupa. Un análisis de Cuphead es un extraordi', 'Tengo la sensación de que en los últimos tiempos se sobreestima todo lo que tiene que ver con la dificultad de un videojuego. Hemos pasado tantos años en los que la industria ha derivado hacia una suavización tan fuerte del nivel de desafío que la intenci', 'Sin embargo, hacer un videojuego de acción que sea difícil es muy simple. Basta con poner unas condiciones de victoria leoninas y unos enemigos que no hace falta que sean particularmente listos, mientras provoquen un nivel de daño demoledor. Lo que realme', '¿Por qué he empezado hablando de esto? Para demostrar que, sí, se puede comenzar un análisis de Cuphead sin centrarlo en su estética. Y es que, a pesar de que de buenas a primeras es lo que más llama la atención, lo cierto es que el proyecto de debut de S', 'Cuphead es un juego de acción clásico estilo "dispara y corre" que se centra en combates contra el jefe. Inspirado en los dibujos animados de los años 30, los aspectos visual y sonoro están diseñados con esmero empleando las mismas técnicas de la época, es decir, animación tradicional a mano, fondos de acuarela y grabaciones originales de jazz.', 'Cuphead era un videojuego por el que era difícil no mostrar entusiasmo en su fase promocional y es un título que no lo tenía fácil para estar a la altura de las expectativas. Y no sólo lo ha estado, sino que ha cumplido sobradamente con ellas. Es un shoot', 'http://localhost/gamemark/Catalogo/Cuphead/cabecera.jpg', 'http://localhost/gamemark/Catalogo/Cuphead/cuphead3.jpg', 'http://localhost/gamemark/Catalogo/Cuphead/icono.jpg', 'http://localhost/gamemark/Catalogo/Cuphead/cuphead2.jpg', 'http://localhost/gamemark/Catalogo/caratula1.jpg', '9.1', 'Magnífico', 'https://www.youtube.com/embed/LzxP5u6JUfk'),
(2, 'VIDA NATURAL, TRABAJO ADICTIVO', 2, 'Ver prosperar tu granja tras horas de duro trabajo es una de las experiencias más reconfortantes que puedes encontrar hoy en día en PC. No es de extrañar por tanto que Stardew Valley se haya convertido en un auténtico éxito de ventas. Su colorido y armonioso ritmo de la acción, la libertad que brinda para que trabajes a tu gusto y, sobre todo, sus amplias opciones de juego hacen de él un título muy recomendable.', 'Este colorido simulador de vida en la granja es una pequeña gran joya capaz de enamorar incluso a aquellos que no sienten especial predilección por la temática. Es una obra con mucho encanto, divertida, que una vez pruebas ya no quieres abandonar por nada del mundo pues ¡siempre tienes algo que hacer! Nuevos cultivos que cosechar, animales a los que alimentar, objetos que fabricar, e incluso tesoros por descubrir en las profundidades de la tierra como si de una aventura de rol se tratase. Y en todos estos casos Stardew Valley funciona con una solidez jugable digna de mención. Lo que tiene un mérito increíble teniendo en cuenta que nace de manos de una única persona, Eric Barone, que decepcionado por el rumbo que había tomado su adorada serie Harvest Moon decidió cuatro años atrás crear su propio juego de granjeros. Visto resultado no podíamos estar más felices por esta decisión.', 'Lejos de agobiarte con infinidad de tareas rutinarias y facturas imposibles de pagar, que de eso saben mucho los más experimentados en el género, Stardew Valley te deja ir por libre, sin presiones, para que seas tú quien marque el ritmo de la partida. Así que no pasa nada si un día en vez de plantar semillas o picar piedra os vais a pescar, o simplemente paseáis por la aldea para entablar amistad con los entrañables personajes que en ella habitan. No se acaba el mundo por ello y es un alivio, que otros títulos del estilo te atosigan, casi que te obligan a repetir una y otra vez las mismas tareas con tal de hacer prosperar tus tierras. Y eso termina por agotar', 'Los días pasan, los cambios de estación llegan y con ello la necesidad de rotar los cultivos, pero en Stardew Valley todo esto sucede de una forma tan armoniosa y relajada que es difícil sentirse abrumado aun cuando son tantas las opciones a tu alcance. Que no todo consiste en plantar hortalizas y talar árboles; también debes cuidar de varios animales, elaborar productos como la mayonesa o la miel, fabricar objetos decorativos o de utilidad para la granja como espantapájaros mediante un sistema de artesanía bastante completo, preparar platos de cocina e incluso, si os da por ahí, podéis convertiros momentáneamente en el héroe de una aventura de rol adentrándoos en las oscuras minas, donde os enfrentaréis a toda clase de monstruos que, por supuesto, os proporcionarán materias primas ideales para crear mejores productos.', 'Stardew Valley es un videojuego indie de simulación de granja desarrollado por Eric "ConcernedApe" Barone y publicado por Chucklefish Games. El juego fue lanzado en primer lugar para Windows el 26 de febrero 2016, y luego para los sistemas operativos OS X y Linux. En Stardew Valley, el jugador toma el rol de un personaje que se encuentra atrapado en un trabajo de oficina, para escapar de él se va a vivir a la granja de su abuelo, la cual se encuentra en ruinas.', 'Desde que llegas a la desvencijada granja que heredas de manos de tu abuelo hasta que la conviertes en una máquina de facturar dinero, Stardew Valley proporciona tales cotas de diversión que es difícil no alabar las virtudes de este entrañable simulador de vida en la granja. Es muy completo a nivel de opciones, te deja hacer prácticamente de todo, pero además lo plantea de forma inteligente, sin agobios ni presiones de ningún tipo. Avanzas a tu propio ritmo. Que parece una tontería pero es el detalle que termina por coronarlo como uno de los mejores juegos que puedes encontrar hoy en día en PC.', 'http://localhost/gamemark/Catalogo/Stardew%20Valley/cabecera.jpg', 'http://localhost/gamemark/Catalogo/Stardew%20Valley/valley2.jpg', 'http://localhost/gamemark/Catalogo/Stardew%20Valley/icono.jpg', 'http://localhost/gamemark/Catalogo/Stardew%20Valley/valle3.jpg', 'http://localhost/gamemark/Catalogo/caratula2.jpg', '8,5', 'Excelente', 'https://www.youtube.com/embed/mqeDBnWskWU'),
(4, 'UN JUEGO SUBLIME', 3, 'Cuesta mucho no volcarse ante un título como Braid, y es que quienes no tuvieran oportunidad de disfrutar de la versión de Xbox 360 han estado estos últimos meses huérfanos de una aventura única y genuina a su manera. Se trataba del debut de Number None Inc, el estudio de Jonathan Blow uno de los más prometedores programadores para el futuro, y un auténtico experto en videojuegos experimentales. Y precisamente de experimental es como se puede calificar Braid, el juego que se hizo con el premio a la Innovación en la edición 2006 del Independent Games Festival.', 'Un lanzamiento verdaderamente atípico que en PlayStation 3 es idéntico al que vimos en Xbox Live, y que de nuevo trata de explorar los sentimientos de los personajes en su argumento, mientras desarrolla una jugabilidad adulta e inteligente en forma de tradicional plataformas bidimensional mezclado con puzzles.', 'Cuando tienes pareja y cometes un error puede que ésta no te lo perdone nunca. Así de duro es el amor y esa es precisamente la situación en la que se encuentra Tim, nuestro protagonista, que ha cometido un error con su chica que le ha costado la relación. Ahora ella se encuentra capturada por una criatura malvada, y el héroe debe salvarla.', 'Como un personaje torturado por su pasado y de inusitada profundidad para un título de estas características, seguiremos el periplo de Tim que nos narra con impotencia el error que cometió y que es incapaz de reparar. Circunstancia de extremada dureza, pues él tiene la insólita capacidad de retroceder parcialmente en el tiempo para reparar, éstos si, los errores que cometa durante la aventura. Este poder de Tim sirve para hacer más fácil el componente de plataformas, aparentemente el reinante, pero que enmascara tras de si lo que es en realidad Braid, un juego de rompecabezas.', '\r\nBraid es un videojuego de plataformas y lógica creado por el desarrollador independiente Jonathan Blow para el servicio Xbox Live Arcade de Xbox 360. Fue presentado oficialmente durante la conferencia de prensa de Microsoft del Tokyo Game Show 2007 y salió a la venta el 6 de agosto de 2008, al precio de 1200 Microsoft Points. El título ha sido portado a Windows, Mac, PlayStation 3 y sistemas con Linux.', 'Braid es una de esas joyas que ningún amante de las plataformas se debe perder. Innovador, fascinante y divertidísimo se trata de uno de los títulos más brillantes que se pueden encontrar en PlayStation Network. Eso sí, cabe aclarar que no se trata de un videojuego para todos los públicos: Su carácter intelectual, su tratamiento profundo y adulto y el impecable estilo que desbordan estética y sonido no son aptos para toda clase de jugadores.', 'http://localhost/gamemark/Catalogo/Braid/cabecera.jpg', 'http://localhost/gamemark/Catalogo/Braid/braid2.jpg', 'http://localhost/gamemark/Catalogo/Braid/braid3.jpg', 'http://localhost/gamemark/Catalogo/Braid/braid4.jpg', 'http://localhost/gamemark/Catalogo/caratula3.jpg', '9,2', 'Magnífico', 'https://www.youtube.com/embed/d1nJ23G8Tzo'),
(5, 'UNA ODA JUGABLE A LOS 8 BITS', 4, 'Quién decía que el amor a primera vista no existe? Porque sinceramente, lo que sentimos por FEZ solo puede definirse como tal. No ya solo por lo condenadamente bueno que es, que lo es; sino también, porque al disfrutar de esta aventura bidimensional hemos rememorado nuestra infancia disfrutando de aquellos maravillosos plataformas de los 8 bits. Y lograr eso no se paga ni con todo el oro del mundo.', '¿Y es de verdad tan bueno? La respuesta es sí, un rotundo sí. Porque dentro de la simpleza que supone encontrarse con un plataformas bidimensional en el que únicamente podemos andar, saltar y trepar por zonas preparadas para ello, FEZ se desmarca de la competencia con un diseño de niveles tan brillante que no podemos ni imaginar lo difícil que tiene que haber sido desarrollar el juego. Porque no hay que olvidar que combina una jugabilidad puramente 2D con unos mundos diseñados en tres dimensiones, permitiéndonos rotar la cámara de izquierda a derecha para dar con los cuatro lados de cada nivel. De este modo, lo que visto de frente puede parecer un abismo insalvable, girando la cámara puede convertirse en un puente que nos lleve por el camino deseado. Y así, mil y un ejemplos distintos que resultan apasionantes.', 'Apilar cajas, usar explosivos para abrir caminos ocultos, mover grandes bloques de terreno… Antes decíamos que FEZ es un título que nunca deja de sorprender, y eso es algo que no nos cansaremos de recordar. Sin enemigos a los que derrotar ni el tiempo en nuestra contra, ni siquiera se puede morir, todo está diseñado para que nos sumerjamos en el cuadriculado mundo de Gómez sin preocuparnos de nada más que explorar a conciencia cada palmo de terreno. Y os garantizamos que este ha sido todo un acierto. Sobre todo porque es un gustazo perderse por este colorista universo tratando de resolver los ingeniosos rompecabezas que plantea, a la vez que se disfruta de emocionantes secciones de plataformeo en las que el cambio de perspectiva estará a la orden del día. Por todo ello, y a pesar de que a la hora de saltar Gómez no es todo lo preciso que debería, e incluso a veces podemos vernos abrumados ante tantas puertas abiertas a decenas de niveles distintos, FEZ es un título que atrapa desde el principio.', 'Y lo hace tanto en lo jugable, con magníficos homenajes a clásicos del género como Tetris o Super Mario Bros. (esa tubería que nos lleva a las alcantarillas), como en lo audiovisual, presentando un estilo tan propio de la generación de los 8 bits que es imposible que los veteranos se resistan al encanto que desprende cada pixel de FEZ. Y es que estamos ante un título bellísimo que, más allá de esa apariencia arcaica, ofrece una variedad de localizaciones envidiable, todas ellas cargadas de detalles tan importantes como la fauna y flora propia de cada entorno, o las transiciones entre el día y la noche.', 'Fez es un videojuego de lógica/plataformas desarrollado por los desarrolladores de software independiente Polytron. El juego fue anunciado inicialmente por su creador, Phil Fish, en TIGSource.com el 17 de julio de 2007. Más tarde se anunció que el juego llegaría a Xbox Live Arcade a principios de 2010, pero fue retrasado.?', 'Podríamos pasarnos todo el día recopilando las virtudes de FEZ, pero creemos que este es uno de esos juegos en los que sobran las palabras. Es muy bueno, tiene encanto, es único y consigue rememorar a los grandes clásicos de nuestra infancia ¿Qué más se puede pedir por 10 euros? Hazte un favor y cómpralo, porque ahora mismo hay muy pocos juegos descargables que puedan hacerle sombra.', 'http://localhost/gamemark/Catalogo/Fez/cabecera.jpg', 'http://localhost/gamemark/Catalogo/Fez/fez1.jpg', 'http://localhost/gamemark/Catalogo/Fez/icono.jpg', 'http://localhost/gamemark/Catalogo/Fez/fez2.jpg', 'http://localhost/gamemark/Catalogo/caratula4.jpg', '8,8', 'Excelente', 'https://www.youtube.com/embed/p71R1MBI8tE'),
(6, 'UNA AVENTURA TAN PELIGROSA COMO EMOTIVA', 5, 'Una de las propuestas más geniales que hemos visto en los últimos tiempos se llama Limbo. Uno de los mejores juegos descargables de Xbox 360 viaja a PlayStation 3 y PC con idéntica y maravillosa dirección artística, y con el mismo sentido de la soledad que tan pocas veces hemos experimentado con tanto éxito.', 'Con ánimo de demostrar la fortaleza del software descargable en esta generación surgió hace un año Limbo, un nuevo proyecto que permite ver una vez más cómo los títulos más originales, innovadores y arriesgados a menudo sólo son posibles gracias a este tipo de circuitos de distribución. Pero ¿qué es limbo? Ante todo una joya. Un título que llama poderosamente la atención con sólo su visionado, pero que además cuenta con inefables virtudes jugables que hacen muy recomendable su adquisición más allá de sus indiscutibles valores artísticos.', 'En Limbo seremos un niño pequeño que emprende una gigantesca odisea en busca de su hermana perdida. Nuestro protagonista no es más que una silueta oscura con forma de niño, con dos brillantes puntos claros a modo de ojos en su cara. Un simpatiquísimo diseño que entronca claramente con la filosofía del videojuego, un título que nos mueve hacia delante en su historia con el minimalismo por bandera: sin necesidad de voces, de narración o de música. De hecho la aventura comienza con nuestro pequeño héroe despertando de un mal sueño en mitad de un bosque, y sin más dilación comenzamos a caminar hacia la derecha de la pantalla guiados puramente por nuestro instinto. No hay historia ni motivo por el que debamos caminar, sólo un afán de supervivencia que rápidamente compartiremos con nuestro alter ego virtual. Así pues Limbo no tiene argumento pero tampoco lo necesita, la jugabilidad y sobre todo la potencia estética tienen más fuerza narrativa de lo que muchas superproducciones con complicados guiones pueden ofrecer.', 'En Limbo la muerte es tremendamente habitual independientemente de nuestra destreza, y para lidiar con ese tema el videojuego presenta una serie de checkpoints hábilmente colocados para no frustrar al jugador y hacerle descubrir qué ha acabado con él y cómo puede sortearlo en el siguiente intento. La muerte constante puede sonar a duro castigo, pero no lo es en absoluto, y es que el jugador descubre con sorpresa qué ha causado su muerte y se fija como objetivo para su siguiente oportunidad el superar sea cual sea el obstáculo. Lo que no tiene Limbo es un sistema de niveles o capítulos al uso, al margen de los que podemos recuperar desde el menú principal, lo que se traduce en que todo el videojuego está planteado como un todo que podemos recorrer de principio a fin sin molestas interrupciones de interludios o tiempos de carga. La idea de que la aventura sea como una pesadilla constante y sin descanso está muy presente en las mentes de sus responsables y el resultado en este sentido es soberbio.', 'Xbox Live Arcade. La trama describe las vivencias de un niño mientras busca a su hermana en un entorno siniestro. Su desarrollo comenzó entre 2004 y 2006, con recursos sufragados primordialmente por el Nordic Game Program y por los fundadores de Playdead, Arnt Jensen y Dino Christian Patti.', 'Impecable artísticamente y con una carga emocional y atmosférica como pocas veces hemos visto, un año después PlayStation 3 y PC disfrutan del memorable Limbo. Un lanzamiento memorable que ningún aficionado a los videojuegos como experiencia debe perderse.', 'http://localhost/gamemark/Catalogo/Limbo/cabecera.jpg', 'http://localhost/gamemark/Catalogo/Limbo/limbo2.jpg', 'http://localhost/gamemark/Catalogo/Limbo/icono.jpg', 'http://localhost/gamemark/Catalogo/Limbo/limbo3.jpg', 'http://localhost/gamemark/Catalogo/caratula5.jpg', '8,5', 'Excelente', 'https://www.youtube.com/embed/i0Aw6ZXk2dk'),
(7, 'GUERRA EN TU JARDIN', 6, 'Los juegos de estrategia tipo Tower Defense es uno de los géneros más extendidos y demandados. Y si existe un precursor de dicho género, ese es sin duda Plants Vs Zombies, juego que ha sido disfrutado ya por millones de usuarios de diferentes dispositivos, jugadores que ya pueden hacer lo propio con su secuela.', 'Sin llegar a los colosales niveles de popularidad alcanzados por ese adictivo título llamado Angry Birds, Plants Vs Zombies es uno de los juegos de referencia dentro del mundo de los dispositivos portátiles, ya sean smartphones o tabletas. Dicho título de estrategia se convirtió en el buque insignia y en el representante más destacado del género de los Tower Defense , un tipo de juego que ha crecido de manera imparable a lo largo de los últimos años. Bien, pues después de mucho tiempo de espera, PopCap Games , sus desarrolladores originales, nos traen la secuela de tal producción, juego que sin innovar en demasía nos sigue pareciendo tan atractivo como el genuino', 'Como ya sucedió con el título original, Plants Vs Zombies 2 nos anima a hacer frente a ejércitos enteros de muertos vivientes que se dan cita en diversos jardines, súper variados. El Antiguo Egipto, un barco pirata, ciudades típicas mejicanas y demás lugares igual de exóticos sirven de marco para albergar las desafiantes batallas que nos esperan. ¿Y qué debemos hacer en cada uno de estos niveles? Pues colocar las plantas que creamos oportunas para defender nuestro jardín de las arremetidas zombi. Este planteamiento estratégico es exactamente el mismo que ya disfrutamos en el original. De esta forma y a través de los diferentes paneles que se dan cita en cada caso, debemos ir colocando las plantas guerreras para que actúen de la manera más eficaz posible y consigan contener a los rivales.', 'En esta ocasión podemos echar mano de una variedad de plantas más amplia, hecho que aporta aún más profundidad al juego, y que en muchos casos también nos permite aplacar de forma más tajante a las nuevas clases de zombis que igualmente se dan cita en esta continuación. Desde luego no estamos hablando de innovaciones revolucionarias, más bien todo lo contrario, pero por lo menos aportan algo de frescura a una mecánica de juego ya consabida. Y lo mismo sucede con los potenciadores tanto ofensivos como defensivos, que nos permiten eliminar de un toque a una buena cantidad de enemigos o, en cambio, elevar la capacidad general de nuestras plantas que sean más efectivas durante un breve espacio de tiempo.', '\r\nPlantas contra Zombis 2 (título original: Plants vs. Zombies) es un juego de estilo tower defense desarrollado y publicado el 5 de mayo de 2009 por PopCap Games para Microsoft Windows, iPad, iPhone, Android, BlackBerry, PlayStation 3, Xbox 360, Windows Phone 7, PS Vita, Nintendo DS, Nintendo DSi, Nintendo 3DS y Mac OS X.1? Se distribuye a través de su página oficial o por Steam.', 'Los dispositivos pueden gozar una vez más de la compañía de las plantas y zombis más famosa de esta industria. Esta secuela del famoso título original perfecciona su fórmula con nuevas incorporaciones para seguir ofreciendo toneladas de diversión estratégica y mucha simpatía. Un gran juego que merece la pena descargar.', 'http://localhost/gamemark/Catalogo/Plantas vs Zombies 2/cabecera.png', 'http://localhost/gamemark/Catalogo/Plantas vs Zombies 2/plantas2.jpg', 'http://localhost/gamemark/Catalogo/Plantas vs Zombies 2/plantas3.jpg', 'http://localhost/gamemark/Catalogo/Plantas vs Zombies 2/plantas4.jpg', 'http://localhost/gamemark/Catalogo/caratula6.jpg', '9,1', 'Magnífico', 'https://www.youtube.com/embed/WXx0X4cDEPI'),
(8, 'UN DESCENSO A LOS INFIERNOS', 7, 'Un fallo ¡y estás muerto! Así es esta desafiante aventura de acción 2D a medio camino entre los clásicos Castlevania y los roguelike. Lucha, muere y aprende pues, como veremos en el análisis de Dead Cells, la experiencia es divertida y muy adictiva.', 'Mueres, ¡gritas con furia!, y sigues adelante. Nunca te rindes, nunca te desanimas. Por dura que sea la batalla; por crueles las muertes sufridas a manos de unos monstruos implacables, brutales en sus acometidas, siempre quieres más. Es la gran virtud de Dead Cells, una desafiante aventura de acción 2D que sus creadores definen como "el hijo ilegítimo de los roguelike y las aventuras de estilo metroidvania", ¡un RogueVania!, que es un apelativo que le viene como anillo al dedo. Combina lo mejor de ambos géneros y a esa unión le añade una pizca de esencia Souls; el toque perfecto para hacer de este un videojuego de los que dejan huella. Lo pruebas y ya no piensas en otra cosa; a pesar de su dureza, de su extremo nivel de dificultad, de una u otra forma, siempre tienes ganas de intentarlo "una vez más; será la definitiva, la buena". No suele ser así. Esta obra del estudio independiente Motion Twin suele acabar mal, muy mal; con tu sangre derramada por las frías estancias de un lúgubre castillo que en los últimos días se ha convertido en mi nuevo hogar. ¡Qué pesadilla!', 'Por norma general cuando los escenarios se crean de forma procedimental su diseño no suele ser el más inspirado, pero el caso de Dead Cells es distinto pues todo su mundo se ha diseñado "a mano". Hay varios modelos del tenebroso castillo así que cada vez que inicias un nuevo recorrido, cada vez que comienzas el asalto, se dibuja ante ti un gran y oscuro escenario de batalla con personalidad propia. Motion Twin se queda así con lo mejor de ambos mundos: por un lado el diseño de niveles está a la altura de lo esperado en un videojuego de estas características, pero sin grandes alardes tampoco; y por otro, con la apuesta por los contenidos procedurales, en lugar de "confiar en la fórmula clásica de memorizar" los mapas y la posición de los enemigos, se premia la capacidad del jugador para adaptarse a los muchos peligros que acechan en las sombras. No es baladí dada la facilidad con la que mueres y todo se reinicia.', 'La tensión que se respira durante estos duelos es también digna de mención. Sabes que un fallo puede llevarte a la tumba y los enemigos buscarán con tesón cumplir esa amenaza. Los hay que atacan cuerpo a cuerpo, que pueden embestirte con gran celeridad, y los que golpean desde la distancia; hechiceros, arqueros, plantas que generan trampas bajo tus pies, y monstruos que al morir dejan caer tras de sí un reguero de bombas. También hay enemigos especiales, la élite en este infierno 2D, que os lo harán pasar condenadamente mal. Ya no es solo que golpeen con más fuerza, es que también invocan muertos vivientes y pueden teletransportarse de aquí para allá a gran velocidad. ¡Es una pesadilla! Pero una que emociona, que te hace disfrutar de cada segundo con Dead Cells. He echado en falta algo más de variedad en estos enfrentamientos y también algún villano final extra, pues estos no abundan, aunque bien es cierto que estas batallas pueden ser épicas a un nivel extremo.', 'Somos un cadáver descabezado que murió en una húmeda y fría estancia de un castillo. Un buen día, una viscosa masa verde baja a las alcantarillas, se apodera de nuestro cuerpo y... ¡tenemos vida!, pero... ¿qué hay que hacer? Pues, en principio, escapar de ahí. Y no, no busquéis una historia profunda, o una historia, directamente, ya que la historia de Dead Cells no se cuenta de manera tradicional.', 'Los fallos se castigan con una dureza terrible, ¡puede ser dramático!, pero Dead Cells es tan intenso y emocionante en su acción que poco importa morir una y otra vez, caer en combate y perder todas las armas y tesoros acumulados hasta el momento. Esta aventura RogueVania combina lo mejor de los clásicos Castlevania con la esencia de los roguelike, y lo hace con una elegancia envidiable, con un gran apartado visual y frenético sistema de combate que te hace disfrutar como pocos juegos consiguen.', 'http://localhost/gamemark/Catalogo/Dead Cells/cabecera.jpg', 'http://localhost/gamemark/Catalogo/Dead Cells/imagen1.jpg', 'http://localhost/gamemark/Catalogo/Dead Cells/icono.jpg', 'http://localhost/gamemark/Catalogo/Dead Cells/imagen2.jpg', 'http://localhost/gamemark/Catalogo/caratula7.jpg', '9,0', 'Magnífico', 'https://www.youtube.com/embed/R2OkrZq0h6A'),
(9, 'SOÑADORES DE HOJALATA', 8, 'Ya está entre nosotros Machinarium, una de las aventuras gráficas más merecidamente esperadas del año 2009. El género recupera el brillo perdido tras un triste catálogo en los últimos años que no ha hecho demasiado por mantener su lustre. Amanita Design se afianza como un estudio a seguir con un videojuego para hardcores, difícil, retador y maravilloso.', 'Las aventuras gráficas de la vieja escuela están de capa caída. Tras una década de los 90 sencillamente abrumadora en términos de calidad y cantidad, lo cierto es que el siglo XXI no ha sido particularmente pródigo en este género salvo honrosas excepciones.', 'Machinarium es, precisamente, una de estos raros ejemplos de excepción. Un encantador cuento que puede que no venda millones de copias y que no revitalizará las aventuras gráficas hasta volverlas a poner de moda pero que, sin duda, deparará un buen puñado de horas al aficionado ávido de brillantes y complejísimos rompecabezas.', 'En Machinarium seremos un pequeño y encantador robot que acaba arrojado a un planeta vertedero, literalmente sobre un montón de basura. Desde el momento en que comenzamos la aventura con el penoso ensamblaje de las piezas del protagonista, hasta que culminamos la aventura con el épico aunque previsible final, el videojuego de Amanita Design encuentra un sitio en nuestros corazones con su mezcla de entrañable simpatía y personajes carismáticos.', 'Machinarium es una aventura gráfica y videojuego de puzzles, creado por Amanita Design. Fue lanzado al mercado el 16 de octubre del 2009 para Microsoft Windows, Mac OS X y Linux. Sin embargo, las demos estuvieron disponibles para jugar en el sitio oficial de Machinarium desde el 30 de septiembre del 2009. El objetivo de Machinarium es resolver una serie de puzzles.', 'Machinarium es una cita obligada para cualquier aficionado hardcore de las aventuras gráficas. Su, en ocasiones, desquiciante nivel de dificultad puede hacernos tirar de los pelos, pero su impecable dirección artística, su deliciosa ambientación y su fantástica música son tres pilares artísticos que completan una jugabilidad maravillosa.', 'http://localhost/gamemark/Catalogo/Machinarium/cabecera.jpg', 'http://localhost/gamemark/Catalogo/Machinarium/machinarium3.jpg', 'http://localhost/gamemark/Catalogo/Machinarium/icono.jpg', 'http://localhost/gamemark/Catalogo/Machinarium/machinarium2.jpg', 'http://localhost/gamemark/Catalogo/caratula8.jpg', '8,6', 'Excelente', 'https://www.youtube.com/embed/RnXEwc8oVHE'),
(10, 'AVENTURA EN 8 BITS', 9, 'La creatividad e imaginación como única barrera a tus progresos. Bajo una capa de aparente simpleza, Terraria se presenta como una de las obras independientes más originales y ambiciosas de los últimos años. Una desafiante aventura sandbox en dos dimensiones que os atrapará sin remedio gracias a sus elevadas opciones de juego y lo adictiva que resulta.', 'Apasionado de los videojuegos de la vieja escuela, el equipo independiente liderado por Andrew Spinks nos ha sorprendido muy gratamente con esta aventura de supervivencia extrema bidimensional, que bajo una capa de aparente simpleza esconde en su interior la que es una de las obras más ambiciosas y originales del momento. Tanto es así que estamos ante uno de esos juegos en los que prácticamente todo es posible, hasta el punto de que es nuestra propia imaginación una de las pocas barreras que se interpondrán en nuestro camino. Prometedor ¿verdad?.', 'Catalogado erróneamente como un Minecraft en dos dimensiones, Terraria ha sabido marcar las diferencias con respecto a la obra de Mojang a pesar de partir de una misma base jugable, que es la de sobrevivir a un entorno hostil en las peores condiciones posibles. ¿De qué modo? Usando la cabeza; creando un sinfín de objetos útiles que nos permitan protegernos de los enemigos, atacarles, o alcanzar nuevas regiones de juego para incrementar nuestras posibilidades de supervivencia.Terraria se plantea así como una original aventura de plataformas y rol en dos dimensiones en la que podemos hacer prácticamente todo lo que se nos pase por la cabeza. Excavar hasta el mismísimo infierno, erigir una gran torre con la que alcanzar el cielo, construir una sencillita casa en la que refugiarnos de los peligros de la noche, o fabricar un extenso arsenal de mortíferas armas –incluyendo rayos láser- son solo parte de las acciones que podremos acometer en esta aventura que destaca por su complejidad y extremada dureza. No por nada, la sensación de soledad e indefensión que transmite solo es equiparable al grado de satisfacción que se genera al superar nuestras metas. ¿Cuáles? Las que nosotros mismos nos marquemos.', 'Y es que este es otro de esos títulos que no tienen un principio y final determinado. Por supuesto, hay enemigos finales a los que derrotar e increíbles tesoros esperando ser encontrados, pero Terraria es una aventura que no te marca ni el rumbo a seguir ni el cómo debes hacerlo. Tú, y solo tú, eres libre de actuar cómo y cuándo quieras. Precisamente por ello, como ocurrió en su día con Minecraft, a no todo el mundo le gustará en la misma medida. Sin embargo, es tal la cantidad de acciones a acometer y la libertad con la que hacerlo, que es imposible no rendirse a los encantos de esta obra.', 'Terraria es un juego sandbox, de acción y aventura creado por Andrew "Redigit" Spinks y producido de forma independiente por el estudio Re-Logic. Tiene características tales como la exploración, la artesanía, la construcción de estructuras, combatir diversos monstruos y jefes. El juego también consiste en la creación de objetos y artefactos como espadas, pistolas, accesorios, etc.', 'Puede parecer que no tiene mérito copiar lo que ya hizo Minecraft, pero aún así, ofrece una experiencia interesante y divertida, que premia al jugador paciente.', 'http://localhost/gamemark/Catalogo/Terraria/cabecera.png', 'http://localhost/gamemark/Catalogo/Terraria/terraria2.jpg', 'http://localhost/gamemark/Catalogo/Terraria/icono.jpg', 'http://localhost/gamemark/Catalogo/Terraria/terraria3.jpg', 'http://localhost/gamemark/Catalogo/caratula9.jpg', '9,0', 'Magnífico', 'https://www.youtube.com/embed/wX4H3PPx_vU'),
(11, 'LA CUMBRE DE LOS PLATAFORMAS 2D', 10, 'Sabíamos que tenía potencial para convertirse en un gran videojuego de plataformas en 2D, pero jamás imaginamos que lo nuevo de los autores de TowerFall Ascension fuera capaz de sorprendernos como lo ha hecho. En el análisis de Celeste nos rendimos a los encantos de una auténtica obra maestra; uno de esos títulos que gracias a su potente base jugable, pero también al precioso mensaje que transmite, será difícil de olvidar.', 'Un videojuego memorable, de los que dejan huella, que está llamado a convertirse en uno de los más grandes del presente año. Así de espectacular es el nuevo trabajo de los autores de TowerFall Ascension, que han dado vida a una de las mejores y más emocionantes aventuras de plataformas 2D de los últimos años. Su acción es trepidante, ¡no hay ni un segundo de respiro!, pero la mayor virtud de este juego de estilo retro es su capacidad para sorprenderte una y otra vez con nuevos desafíos... ¡y su propia historia!, que aquí ejerce un protagonismo fuera de lo común sin entorpecer por ello al videojuego. Al contrario. El equipo de Matt Makes Games ha realizado un trabajo soberbio integrando la narrativa en el propio diseño de escenarios, en la propia concepción de los desafíos a los que te enfrenta, haciéndote partícipe de las desventuras de la pobre Madeline, que sin saber muy bien por qué, se ha propuesto escalar una peligrosa montaña.', 'Madeline cuenta con dos habilidades especiales que lo son todo en Celeste: la escalada, su capacidad de trepar por superficies verticales hasta que se le agoten las fuerzas; y el impulso, con el que se desplazará a toda velocidad en cualquier dirección, ¡aunque con limitaciones!, pues hay que pisar suelo, o ciertas superficies especiales, para recargar este movimiento acrobático. No necesita mucho más el videojuego de Matt Make Games para reinventar la fórmula una y otra vez presentando desafíos cada vez más enrevesados, cada vez más espectaculares, con los que es difícil no exclamar gritos de admiración mientras sonreís como niños.', 'Trampas oscilantes, ráfagas de viento, proyectiles, caminos atestados de afiladas estacas y ni una sola superficie donde posar los pies... cada nueva región que exploras en la montaña te descubre nuevas formas de morir, ¡y lo haréis!, pero lejos de frustrar, Celeste te anima a seguir adelante.', 'Celeste es un videojuego perteneciente al género de plataformas creado por los desarrolladores de videojuegos canadienses Matt Thorson y Noel Berry. El videojuego fue creado originalmente como un prototipo en cuatro días durante un Juego Jam, y más tarde se expandió a un lanzamiento completo. Celeste se lanzó en enero de 2018 para las plataformas Microsoft Windows, Nintendo Switch, PlayStation 4, Xbox One, macOS y Linux.', 'Una obra maestra. Sin más. El equipo de Matt Make Games ha dado vida a una aventura de plataformas 2D simplemente maravillosa. Su trepidante acción, su increíble diseño de niveles, ¡lo adictivo que resulta! son solo una pequeña parte de Celeste. Con una historia muy personal, que va directa al corazón, este videojuego de estilo retro se va a convertir, sin dudarlo, en uno de los grandes de 2018. ¡Un imprescindible!', 'http://localhost/gamemark/Catalogo/Celeste/cabecera.jpg', 'http://localhost/gamemark/Catalogo/Celeste/celeste3.jpg', 'http://localhost/gamemark/Catalogo/Celeste/icono.jpg', 'http://localhost/gamemark/Catalogo/Celeste/celeste2.jpg', 'http://localhost/gamemark/Catalogo/caratula10.jpg', '9,5', 'Imprescindible', 'https://www.youtube.com/embed/HV0yJ2cae9Q'),
(12, 'PEPITAS DE ORO RETRO', 11, 'Inspirado por las grandes aventuras de acción y plataformas con las que tanto disfrutamos en el pasado, Shovel Knight refleja a la perfección todo aquello por lo que adoramos los videojuegos. Muy divertido, apasionante en el ritmo de su acción y con un delicioso apartado audiovisual de estilo retro, sin duda estamos ante el mejor homenaje posible a la época dorada de la industria.', 'Abatido por la pérdida de su fiel compañera de batallas, presa de un terrible maleficio, el valiente caballero errante Shovel Knight está decidido a acabar de una vez por todas con las fuerzas de la oscuridad. Lo que hará equipado con el arma más poderosa de todas: su preciada pala. Y sí, habéis leído bien. Es una pala igualita a la que usaríais para excavar agujeros en la tierra. Pero a diferencia de todos nosotros, él sí sabe cómo sacarle el máximo partido en su lucha contra los monstruos a los que se enfrentará.', 'Como muy pronto descubriréis en esta fantástica aventura de acción y plataformas en 2D, que nace como un claro homenaje a los grandes clásicos del género con los que tantísimo disfrutamos hace ya más de 20 años. Pero lo hace con un gusto exquisito, rescatando lo mejor de obras de referencia como Castlevania, Mega Man, Ninja Gaiden o DuckTales, pero a la vez conservando también intacta toda su personalidad, que no es poca precisamente. Razón de más por la que hemos caído presas de los encantos de este Shovel Knight, que sin duda se ha convertido ya en una de las sorpresas más agradables de 2014.', 'Diseñado como si de un juego de la mítica NES se tratase, esta obra del estudio independiente Yacht Club Games lleva el concepto "vieja escuela" hasta sus últimas consecuencias para alegría de los apasionados de lo retro, que se van a encontrar con una aventura de acción plataformera de las de antes. De esas en las que podías morir decenas de veces en un mismo nivel sin que importara lo más mínimo, ya que todo era tan divertido que siempre nos incitaba a intentarlo una vez más; a volver a poner a prueba nuestras habilidades sorteando obstáculos y enemigos. Y justo esa es la esencia que conserva Shovel Knight.', 'Shovel Knight es un juego de plataformas 2D de 2014 desarrollado y publicado por la compañía de videojuegos independiente Yacht Club Games. El juego fue originalmente lanzado para Microsoft Windows, Nintendo 3DS, y Wii U, y ports (adaptaciones del software original para sistemas de computo diferentes) del juego para Mac OS X y Linux salieron posteriormente.', 'Con el mismo espíritu que los clásicos de hace más de 20 años, pero también con gran personalidad propia, Shovel Knight se ha convertido por méritos propios en una sorpresa con mayúsculas. Su fantástico diseño de niveles, los emocionantes combates contra los jefazos finales y lo depurado de su sistema de control son solo una pequeña parte de esta joyita de estilo retro que no deberíais perderos.', 'http://localhost/gamemark/Catalogo/Shovel Knight/cabecera.jpg', 'http://localhost/gamemark/Catalogo/Shovel Knight/shovelknight3.jpg', 'http://localhost/gamemark/Catalogo/Shovel Knight/icono.jpg', 'http://localhost/gamemark/Catalogo/Shovel Knight/shovelknight2.jpg', 'http://localhost/gamemark/Catalogo/caratula11.jpg', '8,6', 'Excelente', 'https://www.youtube.com/embed/k2gto5TNyX4'),
(13, 'MAS VALE MAÑA QUE FUERZA', 12, 'Gang Beasts es un desternillante juego multijugador de peleas absurdas entre personajes gelatinosos y gruñones que tienen lugar en los peligrosos entornos de Urbe Ubre. Personaliza tu personaje y participa en peleas locales o en línea en los peligrosos bajos fondos de la ciudad. También puedes luchar con tus amigos contra los rivales en el modo Banda.', 'Para quienes aún no lo conozcan, es un brawler multijugador protagonizado por muñecos de plastilina que pueden hacerse papilla unos a otros, tirarse de un edificio o provocar una muerte total. Hay muchos aspectos que son propios de un party game perfecto, e incluso llega a provocar momentos de carcajadas estruendosas cuando tienes a unos buenos amigos al lado que convertir en enemigos en esos niveles tan bien pensados para provocar una acción descontrolada. Sin embargo, esa es solo una mitad de la historia de lo que ocurre con Gang Beasts, que trae muchas risas y poco más. Cada vez que se borra alguien de la partida se reduce el nivel de caos y con él la capacidad de entretenimiento del producto. La última vez lo jugamos solo entre dos personas, probando multitud de trajes y mapas, y aunque se dieron circunstancias graciosas, ya no era lo mismo que cuando estábamos unos cuantos reunidos.', 'La mayor parte del tiempo te la pasas intentando coger a otro personaje para hacerle una llave contra un borde o un saliente, con la esperanza de que no pueda agarrarse a algo seguro, o de que llegue alguien por detrás a interferir y estropearlo todo. O, aún peor, a ponerte a ti en una situación igual de precaria. Para eso están los diseñadores, que se han encargado de crear escenarios con multitud de puntos de riesgo que faciliten este tipo de situaciones. Al final la combinación entre unas cosas y otras acaba resultando, aunque queda claro que todo depende más de la suerte que la habilidad.', 'Aunque a veces la cámara se pone en posiciones complicadas, al menos los tiempos de carga entre rondas son aceptables y además hay bastantes niveles como para no sentir demasiada repetición en cada rotación. De repente estás luchando en el techo de un camión en marcha y al minuto siguiente en un picador de carne, así que es imposible acomodarse en estas condiciones. También hay que decir que a algunos cuesta cogerles el punto uno poco más que a otros, porque hay algunos elementos dinámicos peligrosos en los entornos que no se pueden perder de vista. El diseño de niveles, que además contienen elementos destructibles, está entre lo mejor del título.', 'Gang Beasts es un desternillante juego multijugador de peleas absurdas entre personajes gelatinosos y gruñones que tienen lugar en los peligrosos entornos de Urbe Ubre. Personaliza tu personaje y participa en peleas locales o en línea en los peligrosos bajos fondos de la ciudad.', 'Si no eres capaz de reunir a la gente en casa como te estamos diciendo, también puedes lanzarte a buscar amigos virtuales, pero como ya sabemos hay cosas que se disfrutan más en carne y hueso y Gang Beasts es una de ellas. Ver las caras, la frustración, el enfado y las risas de los demás es lo que da vidilla a un juego así. Es un gran party game para grupos grandes en los que no hay necesidad de medirse la habilidad a los mandos, pero el brawler de Boneloaf no da para mucho más, especialmente para las almas solitarias. Busca sus momentos y le sacarás mucho partido. Eso es todo.', 'http://localhost/gamemark/Catalogo/Gang%20beast/cabecera.jpg', 'http://localhost/gamemark/Catalogo/Gang%20beast/imagen1.jpg', 'http://localhost/gamemark/Catalogo/Gang%20beast/icono.jpg', 'http://localhost/gamemark/Catalogo/Gang%20beast/imagen2.jpg', 'http://localhost/gamemark/Catalogo/caratula12.jpg', '9,0', 'Magnífico', 'https://www.youtube.com/embed/GCXOcj1jtCE'),
(14, 'VIVE TU EXPERIENCIA COMO YOUTUBER', 13, 'Youtubers Life es un videojuego que mezcla los géneros tycoon y simulador de vida en el que podrás convertirte en el mayor vídeo blogger de la historia. Edita vídeos, consigue suscriptores para tu canal y alcanza la fama.', 'La aventura curiosamente empieza por el final: eres un youtuber de éxito que ha llegado a lo más alto, tiene su propio grupo de youtubers a su servicio y vive su día a día sin reparar en gastos. Así que tú mismo te encargas de narrar cómo llegaste a triunfar desde que grabaste tu primer vídeo en casa de tus padres.', 'Tu versión futura se dedicará a hacer de tutor sobre las tareas más básicas a las que vas teniendo acceso en un principio. La aventura comienza desde tu habitación, donde grabarás tus primeros vídeos con el PC que a duras penas consigue encender con juegos que difícilmente puedes comprar en un principio, pero que tus amigos te darán a cambio de que les hagas los gameplays que te piden con una fecha límite a modo de reto.', '¿Al empezar el juego en tu adolescencia tienes que compaginar tu afición por los videojuegos con los estudios, y buscando otras formas de conseguir ingresos para comprar más juegos actuales que analizar, porque la audiencia es exigente con esto.Tardarás algo en empezar a ganar dinero con tu nueva afición y las apariciones furtivas de tu madre te recordarán que tu nuevo hobby podría durar muy poco si no dedicas suficiente tiempo a tus estudios', 'Youtubers Life es un videojuego que mezcla los géneros tycoon y s imulador de vida, en el que podrás convertirte en el mayor video blogger de la historia. Edita vídeos, consigue suscriptores para tu canal y alcanza la fama. Crea tu personaje y graba tus primeros vídeos desde la comodidad de tu habitación en casa de tus padres donde has crecido.', 'El número de factores a tener en cuenta irán creciendo según avanzamos en la vida de nuestro personaje, haciendo más complejo mantener el equilibrio sin ser especialmente pesado para la experiencia en ningún momento, hasta tal punto es visible que no pretende ser muy espeso en esta parte cuando existe visiblemente un ciclo del paso del tiempo del día a la noche, pero no hay horarios concretos para ninguna tarea más allá de las fechas límites para cumplir ciertos objetivos o retos. Es decir, nuestro personaje puede ir a estudiar de noche y comerse un bocata antes de acostarse durante el día mientras renderiza un nuevo vídeo para su audiencia.', 'http://localhost/gamemark/Catalogo/Youtubers life/cabecera.jpg', 'http://localhost/gamemark/Catalogo/Youtubers life/imagen1.jpg', 'http://localhost/gamemark/Catalogo/Youtubers life/icono.png', 'http://localhost/gamemark/Catalogo/Youtubers life/imagen2.jpg', 'http://localhost/gamemark/Catalogo/caratula13.jpg', '9,5', 'Excelente', 'https://www.youtube.com/embed/_lVPvAIFeTQ'),
(15, 'AQUEL QUE COMBATE A LOS MONSTRUOS...', 14, 'No intentes comprender Undertale sin tan siquiera haberlo experimentado durante unas horas. La única forma de hacerlo es jugándolo, y para entonces, puede que ya sea demasiado tarde y estés atrapado en el mundo más extraño, adorable y divertido que hayas visto en un videojuego.', 'Antes de empezar a leer, mira bien las imágenes y pregúntate cómo un título que puede lucir tan poco atractivo a primera vista está siendo la sensación del momento, no sólo en la crítica sino en un público totalmente entregado que recomienda este Undertale a niveles casi obligatorios. Puede ser lógico preguntárselo, pero sólo quien sea capaz de dar el salto al vacío será capaz de comprenderlo. No te lo puede explicar una imagen ni un vídeo ni un amigo, ni este mismo análisis. Entender Undertale es un acto de fe.', 'Otra de las razones por las que es tan difícil realizar una crítica de Undertale es por el temor a descubrir demasiado. A eso que le hace tan especial, esparcido y estropeado en un puñado de frases. Intentar explicarlo es como diseccionar un cadáver para encontrar el alma, porque Undertale no es, ni mucho menos, la suma de sus partes. Hay algo intrínseco en él, entre su aspecto absurdo, sus diálogos carentes de sentido y sus situaciones histriónicas que conecta con cada uno de nosotros a diferentes niveles.', 'Undertale es eso que ocurre cuando un diseñador se sale de la norma y logra desinfectarse de todos los vicios que ha cogido la industria del videojuego desde hace tanto tiempo. Sí, hay elementos de RPG, de arcade puro, de minijuegos, de historia con decisiones morales, pero nada está resuelto como estamos acostumbrados. Quizá esa sea su magia.', 'Undertale es un videojuego de rol independiente, creado y desarrollado por el desarrollador indie y compositor musical: Toby Fox. En este videojuego, el jugador adopta el control de un personaje que ha caído en un mundo subterráneo conocido como Underground, una región enorme aislada debajo de la superficie de la tierra, separada por una barrera mágica', 'Undertale puede considerarse una rareza, pero una de esas que ocurren cuando la forma de hacer videojuegos es tan uniforme y tan constreñida que sólo tomando el camino contrario se consigue sorprender. Pero la obra de Toby Fox no es sólo una anécdota. Está perfectamente planteada y esconde algo que conecta directa e indirectamente con todo aquél que haya pasado demasiado tiempo con un mando entre las manos.', 'http://localhost/gamemark/Catalogo/Undertale/cabecera.jpg', 'http://localhost/gamemark/Catalogo/Undertale/imagen1.jpg', 'http://localhost/gamemark/Catalogo/Undertale/icono.jpg', 'http://localhost/gamemark/Catalogo/Undertale/imagen2.jpg', 'http://localhost/gamemark/Catalogo/caratula14.jpg', '8,9', 'Magnífico', 'https://www.youtube.com/embed/HQY0V2G9gc8');
INSERT INTO `videojuego_caracteristicas` (`id`, `Titulo`, `id_videojuego`, `Parrafo_1`, `Parrafo_2`, `Parrafo_3`, `Parrafo_4`, `Parrafo_index`, `Parrafo_5`, `Imagen_1`, `Imagen_2`, `Imagen_3`, `Imagen_4`, `Imagen_index`, `Nota`, `Calificacion`, `Url_video`) VALUES
(17, 'UNA LUZ EN MEDIO DE LA OSCURIDAD', 15, 'Imagina un día triste, desolado, sin esperanza. hasta que aparece un pequeño rayo de luz que te ilumina. Ese rayo bien podría ser Ori and the Blind Forest, un videojuego que ya admirábamos por su incontestable encanto audiovisual y que ahora también querremos por su poderosa jugabilidad. Bonito envoltorio y bonito interior. La luz se impone en la escena "indie" con un título encantador.', 'No hacen falta historias enrevesadas para levantar un gran videojuego. Ori and the Blind Forest parte de una premisa muy sencilla y recurrente: la lucha entre luz y oscuridad. Hay un bosque que se muere, en particular su árbol principal, y sólo existe un ser capaz de revertir la situación. Nosotros nos ponemos en el lugar de ese particular héroe, una criatura huérfana, desamparada pero destinada a salvar el que una vez fue su hogar. Una narrativa nostálgica, de regreso, salvación y esperanza: así es a grandes rasgos un guión que más que dirigir la acción, inspira al jugador.', 'Estamos solos en el mundo, solamente acompañados por los horripilantes seres surgidos a partir de esta catástrofe. La soledad es nuestro único compañero de viaje, uno que hace el recorrido más íntimo, algo así como una experiencia sensorial que arranca en lo audiovisual y termina en las mecánicas de juego. El título logra trascender en ocasiones la categoría de simple videojuego para convertirse en algo especial. Su atmósfera, que parece sacada de una película de animación clásica -de esas que se realizaban con dibujos a mano-, se convierte en uno de los grandes baluartes de esta producción gracias a un apartado audiovisual sobrecogedor.', 'Viendo este videojuego en movimiento, a uno a veces le sienta hasta mal que le digan que este entretenimiento no tiene mucho de arte. Los diseños originales, los creados por los artistas para plantear el título, están plasmados tal cual, como si se tratase de un lienzo interactivo. Es este el aspecto más sorprendente de la obra, el perderse por los diversos escenarios que pueblan este sugerente mundo, con entornos que van de la majestuosidad natural a la bella decadencia. Todo acompañado de animaciones muy suaves, brillantes efectos visuales y una banda sonora pocas veces protagonista, pero sumamente inmersiva.', 'Realmente este juego no necesita presentación, ya que se trata de la secuela de uno de los indies más exitosos de los últimos años. Moon Studios anunció su existencia durante la conferencia de Microsoft en el E3 2017 bajo la promesa de utilizar esta segunda parte para contar el verdadero destino de Ori. Igual que en el primero, ''Ori and the Will of the Wisps'' derrocha belleza gracias a su apartado artístico; no sólo enamora con su dibujo, sino que también su estupenda banda sonora envuelve con delicadeza la sensible historia que quiere transmitir.', 'Es una epopeya de exploración que cuenta con diseños laberínticos. Tanto, que tenemos hasta nuestro propio mapa, ideal para encontrar objetos perdidos. Pero lo mejor está sin duda en la dificultad, en el hecho de tener que enfrentarnos a enemigos apretando el botón X para fulminarlos con rayos desde una cierta distancia. Simple pero efectivo y muy adictivo: un esquema que no os sorprenderá pero que cumple su función al integrarse con un sistema de mejoras interesante, así como un esquema de guardado poco tradicional.', 'http://localhost/gamemark/Catalogo/Ori/cabecera.jpg', 'http://localhost/gamemark/Catalogo/Ori/imagen2.jpg', 'http://localhost/gamemark/Catalogo/Ori/icono.jpg', 'http://localhost/gamemark/Catalogo/Ori/3.jpg', 'http://localhost/gamemark/Catalogo/Ori/caratulaOriandthewill.jpg', '9,0', 'Magnífico', 'https://www.youtube.com/embed/n0jIUSAik2k'),
(18, 'EMBORRACHARSE EN EL INFIERNO', 16, 'Los responsables de Oxenfree han presentado lo que será su próximo trabajo. Y es que con solo poder apreciar unas cuantas imágenes, Night School Studio nos ha dejado con las ganas de saber más acerca de este nuevo título. ¿Ganaríamos a Satán en una batalla por saber quién bebe más?', 'Esta aventura nos presenta a Milo y Lola, dos amigos que fallecieron y llegaron al infierno donde a no ser que sean capaces de superar al mismísimo Satán en la bebida, permanecerán por siempre allí. A través de la página oficial del juego presentan un fragmento sobre la historia que encierra este nuevo título:', '¿Con qué aventuras nos toparemos en el inframundo? Cada paso depende de ti. Hora de irse a la mejor juerga posible, descubrir el misterio de por qué hemos sido condenados, y beber con el grandullón en la barra.', 'Sus responsables tienen planeado lanzar Afterparty durante 2019, luego aun nos queda un buen camino para conocer de primera mano qué aventuras nos deparan. Bajo esta noticia podéis ver las imágenes distribuidas por el propio estudio. ¿Qué os parece por el momento?', 'Afterparty es una aventura point & click desarrollada por los creadores de Oxenfree, que en esta ocasión nos trasladan al mismísimo infierno, del que tendremos que escapar ganando a Satán en un juego de beber. El videojuego Afterparty, que destaca por su bello apartado artístico, nos propone visitar una gran variedad de bares inspirados en diversas religiones del mundo, donde conversaremos con demonios y otras almas en pena, participaremos en divertidos juegos de bar y hasta disfrutaremos de un karaoke.', 'Sus responsables tienen planeado lanzar Afterparty durante 2019, luego aun nos queda un buen camino para conocer de primera mano qué aventuras nos deparan. Bajo esta noticia podéis ver las imágenes distribuidas por el propio estudio. ¿Qué os parece por el momento?', 'http://localhost/gamemark/Catalogo/afterparty/afterpartycabecera.jpg', 'http://localhost/gamemark/Catalogo/afterparty/after1.jpg', 'http://localhost/gamemark/Catalogo/afterparty/after2.jpg', 'http://localhost/gamemark/Catalogo/afterparty/after3.jpg', 'http://localhost/gamemark/Catalogo/afterparty/afterpartyindex.jpg', '8,0', 'Muy bueno', 'https://www.youtube.com/embed/1eTzc941tvk'),
(19, 'UN VIBRANTE MUNDO DE FANTASIA', 17, 'Indivisible es un videojuego de rol y aventura con toques de acción desarrollado por Lab Zero Games, desarrolladores del título de lucha Skullgirls. Tras obtener cierto éxito en su campaña de financiación, Indivisble llegará a PC, Xbox One, Switch y PlayStation 4.', 'Indivisible se enmarca claramente dentro del concepto de videojuego de rol en 2D con exploración intensiva y muy completa, propia de los llamados metroidvania. De esta forma, y siguiendo una estructura similar a la de Valkyrie Profile pero enfocándose en la acción, Indivisible nos cuenta la historia de Ajna, una chica que emprende un viaje para descubrir la verdad que se esconde detrás de sus misteriosos poderes. A través de un argumento lleno de momentos emocionantes, conocerá nuevos héroes que se unirán a ella y combatirá con un enorme número de enemigos, criaturas fantásticas y otros peligros. Según han explicado desde Lab Zero Games, la historia estará muy influenciada por algunas de las mitologías más ancestrales del mundo.', 'De esta manera, y a través de escenarios oníricos, que irán desde bosques a cuevas y templos, pasaremos por niveles de desarrollo no excesivamente lineales, con pasadizos secretos, zonas ocultas, cuevas y decenas de trampas escondidas. Ajna irá escalando, avanzando y retrocediendo a placer, mientras usa distintas armas como un hacha, una espada o un arco, invitando a los jugadores a que afronten los combates a placer.', 'El sistema de combate es muy particular. Una vez contactamos con el enemigo o nos golpea, se inicia una batalla con una cámara muy parecida a la de los RPG clásicos, pero cambiando su ritmo y jugabilidad. Podemos atacar y defendernos, usar magias o realizar movimientos más fuertes. Indivisible no presenta un intercambio de golpes por turnos pero sí muy parecido, en el que la barra de iddhi -o energía- nos irá marcando el tempo de las batallas.', 'Sumérgete en el viaje de Ajna por un vibrante mundo de fantasía para descubrir el secreto tras sus misteriosos poderes. Así comienza Indivisible, un videojuego de acción, plataformas y rol con combates por turnos y gráficos 2D. Durante su camino la protagonista de esta historia, una chica con un toque rebelde, conocerá a distintos héroes y accederá a nuevas armas y habilidades para acabar con poderosos enemigos. El juego lleva la firma de Lab Zero Games (SkullGirls), y se inspira en títulos como Valkyrie Profile y Super Metroid además de mitologías y culturas de todo el mundo.', 'Indivisible es un juego que nada entre el 2D y el 3D con especial ahínco en sus escenarios, muy preciosistas y llenos de detalles, tanto aquellos que se ambientan en la naturaleza como aquellos que están en los interiores de mazmorras y similares. Mezclando animaciones y sprites y dándole un toque retro y nostálgico, el videojuego además usa la banda sonora de Hiroki Kikuta, autor de algunos de los acompañamientos musicales más bonitos de los últimos tiempos, como los de Romancing SaGa, Soul Calibur V y Atelier Escha & Logy.', 'http://localhost/gamemark/Catalogo/Indivisible/Indivisiblecabecera.jpg', 'http://localhost/gamemark/Catalogo/Indivisible/1.jpg', 'http://localhost/gamemark/Catalogo/Indivisible/2.jpg', 'http://localhost/gamemark/Catalogo/Indivisible/3.jpg', 'http://localhost/gamemark/Catalogo/Indivisible/caratula3.jpg', '9,0', 'Excelente', 'https://www.youtube.com/embed/i3BgQ-A8VX8'),
(20, 'UN PRECIOSO CUENTO DE HADAS', 18, 'Aurora, una joven princesa hija de los duques de Austria, perdió a su madre de forma misteriosa. Su padre solitario se buscó una nueva esposa y en 1895, antes de Pascua, durante la fría noche la joven se fue a dormir y enfermó. Su piel estaba blanca y febril. Al amanecer no hubo nada que hacer, Aurora había muerto y su padre lloraba desconsolado. Sin embargo nuestra protagonista despertó en un extraño lugar llamado Lemuria. Pronto descubre que la única forma de regresar a su mundo es a través de un espejo mágico. Pero no va a ser tan sencillo, el portal se encuentra en la sala del trono de Umbra, una malvada monarca que custodia las tres fuentes de luz de Lemuria. Aurora deberá madurar rápidamente en este extraño reino si quiere liberar el Sol, la luna y las estrellas de las garras de la malvada reina y regresar a su hogar.', 'Ahora de la mano del mismo estudio, Ubisoft Montreal, nos llega otra arriesgada apuesta, realizada por un pequeño equipo pero con unos valores de producción sobresalientes: Child of Light. Una aventura de rol que nació con la intención de homenajear a los clásicos juegos de rol japoneses de los 90, algo que consigue con su sistema de combate, aunque en cuanto a gráficos, narrativa y desplazamiento por los escenarios poco se parece a ellos. Gracias al motor gráfico UbiArt Framework, el mismo que utilizó Rayman Origins y Rayman Legends, nos ofrece un apartado gráfico precioso, una herramienta que esperamos volver a ver en futuros juegos.', 'Un punto de partida y unos ingredientes interesantes para contar una historia en forma de cuento de hadas, pero que finalmente no nos ha terminado de enamorar, un poco confusa, atropellada y sin saber muy bien qué nos quieren contar, nos gustaban más las intenciones que el resultado final. Además, una de las gracias del guion, sus diálogos escritos en verso con rimas constantes, creemos que se ha perdido en parte con la traducción al castellano, dando lugar a continuas conversaciones un poco absurdas y sin apenas interés. Con unos personajes secundarios que se van uniendo al grupo de manera muy rápida arbitraria y que la verdad, hablando mal y pronto, nos importan un pimiento y nunca te llegas a identificar con ellos, uno de los puntos claves para que un JRPG pase de ser bueno a convertirse en memorable.', 'Dicho esto, el resto de elementos funciona muy bien, tanto la exploración de los escenarios, los pequeños puzles que aportan un toque de frescura y variedad al desarrollo, el sistema de combate, bastante entretenido y que aguanta bien el paso de las horas, y por supuesto, su apartado audiovisual, sin duda lo que más nos ha gustado de Child of Light, un juego precioso. Una aventura de rol que se puede superar en unas 10 o 12 horas, unas pocas más si quieres completar todas las misiones secundarias, que son pocas, en una duración un tanto reducida para un RPG, lo que tiene sus pros y sus contras.\r\n\r\n', 'Jeffrey Yohalem, el guionista de Child of Light, describe su juego como "un poema jugable", una calificación quizás un tanto pretenciosa pero que no se aleja mucho de la realidad. Un poema jugable en el que exploramos un mundo fantástico repleto de combates por turnos, cofres y un montón de variopintos personajes a los que ayudar.', 'En el lado bueno, pues que nunca te llegas a aburrir, siempre resulta entretenido, no hay relleno, no es necesario perder el tiempo mejorando a los personajes y el juego siempre va al grano. En el malo, pues que todo resulta muy acelerado, subes de nivel casi en cada combate, se unen demasiados personajes al grupo, hasta siete en algunos momentos, y apenas tienes tiempo de empatizar con ellos, y casi ni siquiera utilizarlos, en combates en los que solo pueden intervenir dos luchadores a la vez, contra un máximo de tres enemigos.', 'http://localhost/gamemark/Catalogo/Child of light/childoflightcabecera.jpg', 'http://localhost/gamemark/Catalogo/Child of light/child1.jpg', 'http://localhost/gamemark/Catalogo/Child of light/child2.jpg', 'http://localhost/gamemark/Catalogo/Child of light/child3.jpg', 'http://localhost/gamemark/Catalogo/Child of light/caratula5.jpg', '8,0', 'Notable', 'https://www.youtube.com/embed/EyRRi3DJZDw'),
(21, 'PUZLES, PLATAFORMAS Y EXPLORACION', 19, 'En la gamescom de 2013 se anunció RiME, una aventura con un aspecto encantador que llamó la atención de todos, y que fue presentada como un exclusivo de PS4. Muchas cosas han pasado desde entonces, como el hecho de haber abandonado los brazos de Sony para convertirse en un título multiplataforma, en un desarrollo que no ha tenido que ser fácil, pero lo mejor que podemos decir del nuevo juego de Tequila Works es que su proceso creativo ha tenido un final feliz, y el resultado nos ha gustado mucho.', 'RiME tiene plataformas, fases en las que tendremos que correr, saltar y escalar salientes para ir de un punto a otro (de un puzle a otro). Ninguna de esas fases presentan mayor problema a la hora de completarlas, ya que no necesitaremos una habilidad supina con el mando y, además, resultan bastante ágiles. Avanzar por el mundo de RiME (ya sea en la superficie o en las fases submarinas) es bastante cómodo. Son momentos de transición entre un rompecabezas y otro que, además de permitirnos explorar, le dan un respiro a nuestra cabeza. Las plataformas funcionan bien, pero hay momentos algo frustrantes, como esos clásicos puntos en los que tenemos que saltar a la plataforma de enfrente y donde la posición de los pulgares no es la más... intuitiva.', 'Más allá de las plataformas, centrémonos en los puzles de RiME, el verdadero eje de las mecánicas del juego. En RiME hay varios tipos de rompecabezas. Tendremos que arrastrar cajas, jugar con las sombras y, también, con la perspectiva para poder avanzar. Son puzles que, como también pasa en The Sexy Brutale, no son demasiado difíciles y nos permiten avanzar rápidamente, además de dar una sensación de satisfacción al jugador. Sin embargo, pese a que no sean complicados, sí están magistralmente pensados para que la reacción lógica, que suele ser la primera, sea la válida (en casi todas las situaciones). Es decir, no nos pondrán las cosas sencillas, pero tampoco son complicados como para encallarnos durante varios minutos en un único punto.', 'El ritmo de la aventura en este sentido es muy bueno, ya que el estudio quiere que la partida fluya y, por eso, nos dan pistas muy sutiles que debemos aprender a leer. El camino en las plataformas es sencillo, ya que los excrementos de las gaviotas marcan los salientes útiles. También hay una brisa que nos anima a seguirla en ciertos puntos y, lo más evidente, un zorrito que aparecerá en los escenarios más grandes para decirnos ''''es por aquí, me parece''''. Todo el juego está construido de manera que puedas avanzar como quieras, ya sea a saco para terminar la aventura y descubrir quién es el chaval o más tranquilo buscando en cada rincón. Ambas formas son válidas y desembocarán en un único y maravilloso punto.', 'Una isla por descubrir se extiende frente a ti. Explora el hermoso y duro, mundo de RiME, un juego de aventura de puzles para un jugador. En RiME, juegas en el papel de un niño que despierta en una isla misteriosa tras una gran tormenta. Te esperan animales salvajes, ruinas olvidadas y una colosal torre que te invita a acercarte. Tu ingenio, tu voluntad de superación y un amistoso zorro guía serán t us únicas ayudas a la hora de explorar la enigmática isla, alcanzar la cima de la torre y desentrañar sus secretos mejor guardados.', 'Un juego entra por los ojos. Esto es algo evidente, pero RiME no. Sí, vale, las imágenes promocionales y los vídeos gameplay ya os han ''''vendido'''' la belleza visual del juego, pero me gustaría hablar del apartado audiovisual del juego comenzando, algo poco habitual, por la música de RiME. Cuando comienza el juego lo hace con una preciosa melodía que nos acompaña de forma magistral durante las 5-6 horas que dura la aventura (si no exploráis demasiado) y que solo se detiene en dos momentos contados para, curiosamente, potenciar el apartado visual. Y es que, la banda sonora de RiME canta donde otras solo susurran. Literal y metafóricamente.', 'http://localhost/gamemark/Catalogo/Rime/rime-3734480.jpg', 'http://localhost/gamemark/Catalogo/Rime/rime1.jpg', 'http://localhost/gamemark/Catalogo/Rime/rime2.jpg', 'http://localhost/gamemark/Catalogo/Rime/rime3.jpg', 'http://localhost/gamemark/Catalogo/RiME/caratula.jpg', '9.5', 'Magnífico', 'https://www.youtube.com/embed/dnjJc-PAQaM'),
(22, 'UN METROIDVANIA CON LA ESENCIA DARK SOULS', 20, 'Hollow Knight es una vistosa aventura de acción y plataformas en 2D ambientada en un lúgubre mundo de insectos, diseñado como si de una película de animación tradicional se tratase. El videojuego invita a explorar cavernas serpenteantes y ciudades antiquísimas lugar de más de 130 enemigos, incluidos una treintena de jefazos, a los que combatir con extraños poderes. ¿Preparado para forjar tu propio camino? Hollow Knight bien podría definirse como un auténtico juego metroidvania con la esencia Dark Souls... Divertido, épico, emocionante y duro.​', 'El modo de juego de Hollow Knight se enfoca principalmente en exploración, plataformas y combate. Los jugadores exploran un gran mundo interconectado usando una variedad de movimientos y técnicas de combate. Al clásico estilo Metroidvania, hay áreas del mundo en el que los jugadores no pueden acceder hasta que obtienen algún objeto particular o habilidad. Los mapas para cada área se deben comprar a un comerciante que generalmente se encuentra escondido en esa área, y el jugador también puede comprar mejoras que permiten colocar marcadores en el mapa o permiten revelar partes del mapa a medida que van explorando. El guardado del juego solo puede hacerse en los bancos para descansar que se encuentran esparcidos por todo el reino. El combate del videojuego se centra en el uso del aguijón, un arma que se asemeja a una espada, con el que se puede golpear a los enemigos desde arriba, por debajo o por la izquierda o derecha. El aguijón puede ser mejorado para que haga más daño a medida que se progresa en el videojuego y también puede adquirir ataques especiales acumulando energía. Muchas áreas tienen un jefe que el jugador deberá derrotar para continuar la aventura, y hay un número de subjefes que dejan caer recompensas o mejoras útiles. Los enemigos derrotados dejan caer Geo, una moneda que el jugador puede usar para comprar objetos de los comerciantes. Golpear enemigos repetidamente genera ALMA al jugador, un recurso que puede ser usado para curarse del daño recibido o lanzar habilidades especiales como hechizos de largo alcance y explosiones. Si el jugador muere, reaparecerá en el último lugar en el que descansó/guardó, perdiendo todo el Geo obtenido y la habilidad de mantener una cantidad máxima de ALMA. Sin embargo, puede regresar al lugar donde murió y derrotar a su sombra para poder recuperar el Geo y el límite de ALMA.\r\n', 'Hollow Knight, desarrollado por Team Cherry para PC, Nintendo Switch, PlayStation 4 y Xbox One, es un plataformas de acción en 2D ambientado en un oscuro mundo de insectos y en el que deberemos enfrentarnos a 130 tipos de enemigos diferentes e incluso auténticos jefes finales de nivel gracias a nuestros extraños poderes.', 'Basta decir "estilo metroidvania" para hacerse una idea clara de lo que ofrece un videojuego. Acción, plataformas y mucha, mucha exploración basada en el uso de habilidades especiales. Todo esto lo tenemos en Hollow Knight representado con un gusto exquisito; es una aventura que se disfruta de principio a fin, que sabe cómo sorprenderte con nuevos desafíos, con enemigos más y más peligrosos que te obligarán a sacar provecho de todo lo aprendido durante las más de 30 horas que puede llevarte completar esta odisea. ¡Pero hay algo más! Aquí también nos vale otra de las descripciones más populares en la actualidad. Este es un juego "con la esencia Souls". No necesito decir más, ¿verdad?', 'Hollow Knight es una vistosa aventura de acción y plataformas en 2D ambientada en un lúgubre mundo de insectos, diseñado como si de una película de animación tradicional se tratase. El videojuego invita a explorar cavernas serpenteantes y ciudades antiquísimas lugar de más de 130 enemigos, incluidos una treintena de jefazos, a los que combatir con extraños poderes. ¿Preparado para forjar tu propio camino? Hollow Knight bien podría definirse como un auténtico juego metroidvania con la esencia Dark Souls... Divertido, épico, emocionante y duro.', 'Puede que en algunos momentos su acción se torne frustrante, o que explorar su colosal mundo subterráneo sea en ocasiones una experiencia tortuosa, pero Hollow Knight es un videojuego tan divertido, tan épico y emocionante en su acción, que es difícil resistirse a las muchas virtudes que atesora. Con un apartado artístico de enorme calidad y una importante variedad de enemigos contra los que luchar, este es uno de los mejores videojuegos de estilo metroidvania de los últimos años.', 'http://localhost/gamemark/Catalogo/Hollow Knight/cabecera.jpg', 'http://localhost/gamemark/Catalogo/Hollow Knight/1.jpg', 'http://localhost/gamemark/Catalogo/Hollow Knight/icono.jpg', 'http://localhost/gamemark/Catalogo/Hollow Knight/2.jpg', 'http://localhost/gamemark/Catalogo/Hollow Knight/caratula.jpg', '9,0', 'Magnífico', 'https://www.youtube.com/embed/Xv9ZhsDvq5o');

-- --------------------------------------------------------

--
-- Estructura de tabla para la tabla `videojuego_pros_contras`
--

CREATE TABLE IF NOT EXISTS `videojuego_pros_contras` (
  `Id` int(11) NOT NULL AUTO_INCREMENT,
  `id_videojuego` int(11) NOT NULL,
  `Tipo_pro_contra` varchar(255) NOT NULL,
  `Texto` varchar(255) NOT NULL,
  PRIMARY KEY (`Id`)
) ENGINE=InnoDB  DEFAULT CHARSET=latin1 AUTO_INCREMENT=85 ;

--
-- Volcado de datos para la tabla `videojuego_pros_contras`
--

INSERT INTO `videojuego_pros_contras` (`Id`, `id_videojuego`, `Tipo_pro_contra`, `Texto`) VALUES
(1, 1, 'pro', '+ Es un videojuego de corte clásico, sí, pero también muy imaginativo.'),
(2, 1, 'contra', '- Faltan detalles por afinar, como la nula agilidad para revisitar niveles ya terminados.'),
(3, 1, 'pro', '+ Estética y sonoramente es una auténtica maravilla. Clava la época.'),
(4, 1, 'pro', '+ El nivel de dificultad no desanima. Es muy desafiante, pero también adictivo.'),
(5, 1, 'contra', '- El multijugador local no está mal, pero echamos en falta uno on-line.'),
(6, 2, 'pro', '+ El colorido de sus gráficos, su bonita banda sonora y la historia que narra.'),
(7, 2, 'contra', '- Pequeños fallos en la interfaz de usuario.'),
(8, 2, 'pro', '+ Siempre tienes algo que hacer. Es difícil aburrirse.'),
(9, 2, 'pro', '+ El ritmo de la acción. Las cosas llegan con calma, sin atosigarte ni meter presión.'),
(10, 2, 'contra', '- Se echa en falta algún localizador para dar con mayor facilidad con los aldeanos.'),
(11, 3, 'pro', '+ Bonita banda sonora y la historia que narra.'),
(12, 3, 'pro', '+ Diseño artistico,dibujado a mano por David Hellman.'),
(13, 3, 'pro', '+ La historia trata acerca de la superacion personal.'),
(14, 3, 'contra', '- Pequeños fallos en la interfaz de usuario.'),
(15, 3, 'contra', '- No tiene historia lineal,llegar al final puede no ser lo que realmente esperabas.'),
(16, 4, 'pro', '+ Mecánicas originales,estética,simpatía,ambientación,sonido...'),
(17, 4, 'contra', '- El mapa es algo confuso.'),
(18, 4, 'contra', '- Perderse puede resultar fácil.'),
(19, 4, 'contra', '- Llega a volverse algo difícil según avanzas.'),
(20, 5, 'pro', '+ Rebuscados puzles.'),
(21, 5, 'pro', '+ Su dirección artística y ambientación.'),
(22, 5, 'contra', '- Duración escasa.'),
(23, 5, 'contra', '- Algunos retos son bastantes complicados.'),
(24, 6, 'pro', '+ Los nuevos tipos zombis y plantas.'),
(25, 6, 'pro', '+ Es un título divertidísimo.'),
(26, 6, 'pro', '+ Potenciación a base de nutrientes y superpoderes.'),
(27, 6, 'contra', '- Es demasiado continuista, gráfica y jugablemente.'),
(28, 6, 'contra', '- La dificultad es alta en favor de los micropagos.'),
(29, 7, 'pro', '+ Intenso sistema de combate con gran variedad de armas y objetos especiales.'),
(30, 7, 'pro', '+ Gran estilo pixel art. El diseño de escenarios, monstruos y las animaciones.'),
(31, 7, 'pro', '+ Desafiante y adictivo. Siempre quieres echar una partida más.'),
(32, 7, 'contra', '- Se echan en falta más enemigos finales.'),
(33, 7, 'contra', '- El diseño de niveles está bien, pero no sorprende como otros títulos del estilo.'),
(34, 8, 'pro', '+ Las técnicas narrativas de las viñetas y la ambientación es maravillosa.'),
(35, 8, 'pro', '+ La banda sonora de Machinarium es una composicion inolvidable.'),
(36, 8, 'pro', '+ Su, en ocasiones, desquiciante nivel de dificultad puede hacernos tirar de los pelos.'),
(37, 8, 'contra', '- Uno de sus pocos puntos negativos es su corta duracion.'),
(38, 9, 'pro', '+ La cantidad de objetos y NPCs que hay por descubrir.'),
(39, 9, 'pro', '+ La estética "ochobitera".'),
(40, 9, 'contra', '- Puede parecer tedioso a muchos jugadores.'),
(41, 9, 'contra', '- El control podría ser más cómodo.'),
(42, 10, 'pro', '+ Acción trepidante y muchos desafíos con los que poner a prueba nuestra habilidad.'),
(43, 10, 'pro', '+ La historia que cuenta, cómo lo hace, y los personajes protagonistas.'),
(44, 10, 'pro', '+ Increíble diseño de niveles que rara vez deja de sorprender.'),
(45, 10, 'contra', '- Solo en el tramo final el videojuego pierde algo de frescura.'),
(46, 11, 'pro', '+ Impresionante diseño de niveles. Muy variados entre sí y repletos de desafíos.'),
(47, 11, 'pro', '+ Sistema de control muy preciso.'),
(48, 11, 'pro', '+ Montones de secretos, armas especiales con mucha utilidad, fases bonus…'),
(49, 11, 'pro', '+ Acción plataformera de la vieja escuela y ¡de enorme calidad!.'),
(50, 11, 'pro', '+ Los enemigos finales. Fantásticos tanto en su diseño como en su forma de pelear.'),
(51, 11, 'contra', '- Un gran homenaje a los clásicos del género, pero le falta algo para codearse con ellos.'),
(52, 11, 'contra', '- Aunque hay montones de extras por desbloquear, se hace algo corto.'),
(53, 12, 'pro', '+ Un party game divertido con el que soltarás más de una carcajada.'),
(54, 12, 'contra', '- Modos de juego escasos. El control responde regular. No es tan divertido con poca gente.'),
(56, 13, 'pro', '+ Apartado gráfico sencillo.'),
(57, 13, 'pro', '+ Guiños repartidos con referencias a juegos y situaciones del mundo del youtuber.'),
(58, 13, 'contra', '- Los personajes que se parecen demasiado entre sí.'),
(59, 14, 'pro', '+ De lo más original que encontrarás este año.'),
(60, 14, 'pro', '+ La forma que tiene de huir de la repetición.'),
(61, 14, 'pro', '+ No rompe. Revienta la cuarta pared.'),
(62, 14, 'contra', '- No es algo negativo, pero no es un título para todo el mundo.'),
(63, 14, 'contra', '- El tramo final puede no estar a la altura del resto.'),
(64, 20, 'pro', '+ Incluye los DLC y se ha mejorado.'),
(65, 20, 'pro', '+ Desafiante, divertido, épico y variado en su acción.'),
(66, 20, 'pro', '+ Gran variedad de enemigos contra los que pelear.'),
(67, 20, 'pro', '+ El diseño artístico y la banda sonora.'),
(68, 20, 'pro', '+ Un gigantesco mundo de juego a explorar libremente.'),
(69, 20, 'contra', '- Se echa en falta, a veces, una guía que te oriente mejor.'),
(70, 20, 'contra', '- Más opciones de combate le habrían sentado genial.'),
(71, 15, 'pro', '+ La atmósfera. Te sentirás dentro de un bosque encantado.'),
(72, 15, 'pro', '+ Inspirado e inspirador, uno de esos videojuegos que son puro arte.'),
(73, 15, 'contra', '- Podría haber incluido algún que otro extra.'),
(74, 15, 'contra', '- Una vez acabado no ofrece nada más. Está planteado como viaje único, irrepetible y sobre el que no se puede volver.'),
(75, 17, 'pro', '+ Una auténtica maravilla visual.'),
(76, 17, 'contra', '- Uno de sus pocos puntos negativos es su corta duracion.'),
(77, 18, 'pro', '+ La cantidad de objetos por descubrir.'),
(78, 18, 'contra', '- Necesidad de jugar cooperativo para mantener el interés.'),
(79, 19, 'pro', '+ Muy original.'),
(80, 19, 'contra', '- Puede no gustar a todo el mundo.'),
(81, 19, 'pro', '+ Un perfecto sistema de control.'),
(83, 16, 'pro', '+ Siempre tienes algo que hacer. Es difícil aburrirse.'),
(84, 16, 'contra', '- Perderse puede resultar fácil.');

/*!40101 SET CHARACTER_SET_CLIENT=@OLD_CHARACTER_SET_CLIENT */;
/*!40101 SET CHARACTER_SET_RESULTS=@OLD_CHARACTER_SET_RESULTS */;
/*!40101 SET COLLATION_CONNECTION=@OLD_COLLATION_CONNECTION */;
